[{"model": "auth.user", "fields": {"password": "pbkdf2_sha256$1000000$lh8W2PokZgQhfj1CbE7XO3$/OVFrwifLDsBn2qenUSvRNf39VEtOk2dU+qjD1sTyBI=", "last_login": "2025-12-16T19:38:09.297Z", "is_superuser": true, "username": "spotifyadmin", "first_name": "", "last_name": "", "email": "", "is_staff": true, "is_active": true, "date_joined": "2025-12-16T19:33:40.511Z", "groups": [], "user_permissions": []}}, {"model": "sessions.session", "pk": "wz4apgtmeoiuzotw0c5nu3z6rqcnpss2", "fields": {"session_data": ".eJxVjEEOgjAQRe_StWmGMp2CS_eegUw7HYsaSCisjHdXEha6_e-9_zIDb2sZtpqXYRRzNo05_W6R0yNPO5A7T7fZpnlalzHaXbEHrfY6S35eDvfvoHAt31pbdKQE2oek0BF7gRSII3c9Ibau80Gpjwo-CbqAAVAxQiYvXnJj3h_VNDeF:1vVas5:FyBNf2VXkqajo5azLwPXFW62x_iLJH6v4jCEWowLh2I", "expire_date": "2025-12-30T19:38:09.308Z"}}, {"model": "data.song", "pk": 1, "fields": {"created_at": "2025-12-16T19:40:42.474Z", "updated_at": "2025-12-17T08:43:40.222Z", "deleted_at": null, "name": "Tum Hi Ho", "slug": "tum-hi-ho", "track_number": 1, "singer": "Arijit Singh", "composer": "Mithoon", "spotify_song": "https://open.spotify.com/track/06UnO5AKa868Wqw6ArxZD6", "spotify_song_poster": "https://i.scdn.co/image/ab67616d0000b273c23b439a783ec15f5f503a9a"}}, {"model": "data.song", "pk": 5, "fields": {"created_at": "2025-12-16T19:59:17.599Z", "updated_at": "2025-12-16T19:59:19.318Z", "deleted_at": null, "name": "Cold War", "slug": "cold-war", "track_number": 1, "singer": "No Singer", "composer": "Jack Wall", "spotify_song": "https://open.spotify.com/track/57wuHNcH5qgLeORNLWS3j3", "spotify_song_poster": "https://i.scdn.co/image/ab67616d0000b273e94da7b4ba8fb5a22f41929d"}}, {"model": "data.song", "pk": 6, "fields": {"created_at": "2025-12-16T19:59:37.197Z", "updated_at": "2025-12-16T19:59:37.649Z", "deleted_at": null, "name": "Final Retribution", "slug": "final-retribution", "track_number": 50, "singer": "No Singer", "composer": "Jack Wall", "spotify_song": "https://open.spotify.com/track/1bMpmPZWmTZMQAxuIuW77m", "spotify_song_poster": "https://i.scdn.co/image/ab67616d0000b273e94da7b4ba8fb5a22f41929d"}}, {"model": "data.song", "pk": 7, "fields": {"created_at": "2025-12-16T20:40:11.853Z", "updated_at": "2025-12-17T08:33:25.437Z", "deleted_at": null, "name": "I Want It That Way", "slug": "i-want-it-that-way", "track_number": 2, "singer": "Backstreet Boys", "composer": "Backstreet Boys", "spotify_song": "https://open.spotify.com/track/47BBI51FKFwOMlIiX6m8ya", "spotify_song_poster": "https://i.scdn.co/image/ab67616d0000b2732160c02bc56f192df0f4986b"}}, {"model": "data.song", "pk": 8, "fields": {"created_at": "2025-12-17T08:38:27.085Z", "updated_at": "2025-12-17T08:39:41.288Z", "deleted_at": null, "name": "What is love 7 mix", "slug": "what-is-love-7-mix", "track_number": 1, "singer": "Haddaway", "composer": "Haddaway", "spotify_song": "https://open.spotify.com/track/0OTO8ZF2YqFQVw9hnZylTd", "spotify_song_poster": "https://i.scdn.co/image/ab67616d0000b273efb3fd949c71bc9b5e7b31dc"}}, {"model": "data.song", "pk": 9, "fields": {"created_at": "2025-12-17T08:40:57.389Z", "updated_at": "2025-12-17T08:40:57.861Z", "deleted_at": null, "name": "Battlefield Warsaw Theme", "slug": "battlefield-warsaw-theme", "track_number": 11, "singer": "No Singer", "composer": "Henry Jackman", "spotify_song": "https://open.spotify.com/track/7MFdsLtwlN2HAlFQzv3ogQ", "spotify_song_poster": "https://i.scdn.co/image/ab67616d0000b2731880ed5b4e5b7caa71b66326"}}, {"model": "data.song", "pk": 24, "fields": {"created_at": "2025-12-17T11:38:32.377Z", "updated_at": "2025-12-17T11:38:32.377Z", "deleted_at": null, "name": "Afghanistan 2025", "slug": "afghanistan-2025-1", "track_number": null, "singer": "No Singer", "composer": "Jack Wall", "spotify_song": "https://open.spotify.com/track/5F4WWaMTrQGHdB4uQMC0DD", "spotify_song_poster": "https://i.scdn.co/image/ab67616d0000b273bb8639d1374637e0c6b47edb"}}, {"model": "data.song", "pk": 25, "fields": {"created_at": "2025-12-17T11:50:42.326Z", "updated_at": "2025-12-17T11:50:42.326Z", "deleted_at": null, "name": "Battlefield 6 Main Theme", "slug": "battlefield-6-main-theme", "track_number": null, "singer": "No Singer", "composer": "Henry Jackman", "spotify_song": "https://open.spotify.com/track/5VleeWGSWkxdZ2tEZibpGs", "spotify_song_poster": "https://i.scdn.co/image/ab67616d0000b273f3fd918182e8a35525c2de89"}}, {"model": "data.song", "pk": 26, "fields": {"created_at": "2025-12-17T16:19:16.016Z", "updated_at": "2025-12-17T16:19:16.016Z", "deleted_at": null, "name": "Embrace The Madness", "slug": "embrace-the-madness", "track_number": null, "singer": "No Singer", "composer": "Jack Wall, Big Giant Circles, Uyanga Bold", "spotify_song": "https://open.spotify.com/track/6G9Baq2UnmF2JwcxzqYGMS", "spotify_song_poster": "https://i.scdn.co/image/ab67616d0000b273fe86a199ac452042a531bf5e"}}, {"model": "data.song", "pk": 27, "fields": {"created_at": "2025-12-17T16:31:14.243Z", "updated_at": "2025-12-17T16:31:14.243Z", "deleted_at": null, "name": "Mission Accomplished", "slug": "mission-accomplished-1", "track_number": null, "singer": "No Singer", "composer": "Jack Wall", "spotify_song": "https://open.spotify.com/track/1zaoasNz79YbJOQBbBe6Fk", "spotify_song_poster": "https://i.scdn.co/image/ab67616d0000b273fe86a199ac452042a531bf5e"}}, {"model": "data.song", "pk": 28, "fields": {"created_at": "2025-12-18T10:27:29.870Z", "updated_at": "2025-12-18T10:27:29.871Z", "deleted_at": null, "name": "I Live Orchestral Version", "slug": "i-live-orchestral-version", "track_number": null, "singer": "No Singer", "composer": "Jack Wall", "spotify_song": "https://open.spotify.com/track/6ajDt8myecfJCGlbuzbqaD", "spotify_song_poster": "https://i.scdn.co/image/ab67616d0000b2736c62e46fa22df6cbafaaf123"}}, {"model": "data.song", "pk": 29, "fields": {"created_at": "2025-12-18T10:27:57.661Z", "updated_at": "2025-12-18T10:27:57.661Z", "deleted_at": null, "name": "Prologue Black Ops", "slug": "prologue-black-ops", "track_number": null, "singer": "No Singer", "composer": "Jack Wall", "spotify_song": "https://open.spotify.com/track/1A19VWdf899WBqpHcFyzlX", "spotify_song_poster": "https://i.scdn.co/image/ab67616d0000b2736c62e46fa22df6cbafaaf123"}}, {"model": "data.song", "pk": 30, "fields": {"created_at": "2025-12-18T10:28:30.765Z", "updated_at": "2025-12-18T10:28:30.765Z", "deleted_at": null, "name": "Firefight", "slug": "firefight", "track_number": null, "singer": "No Singer", "composer": "Max Aruj", "spotify_song": "https://open.spotify.com/track/1Mqldd3jsZMsu44NrvHleC", "spotify_song_poster": "https://i.scdn.co/image/ab67616d0000b273a84fb6f3c0f83f87f1335a15"}}, {"model": "data.song", "pk": 31, "fields": {"created_at": "2025-12-18T10:30:12.954Z", "updated_at": "2025-12-18T10:30:12.954Z", "deleted_at": null, "name": "Billie Jean", "slug": "billie-jean", "track_number": null, "singer": "Michael Jackson", "composer": "No Composer", "spotify_song": "https://open.spotify.com/track/7J1uxwnxfQLu4APicE5Rnj", "spotify_song_poster": "https://i.scdn.co/image/ab67616d0000b27332a7d87248d1b75463483df5"}}, {"model": "data.song", "pk": 32, "fields": {"created_at": "2025-12-18T10:33:29.765Z", "updated_at": "2025-12-18T10:33:29.765Z", "deleted_at": null, "name": "Waqt", "slug": "waqt", "track_number": null, "singer": "Entity Paradigm", "composer": "Entity Paradigm", "spotify_song": "https://open.spotify.com/track/78Pj5UmKceQOOFuJSMfDAB", "spotify_song_poster": "https://i.scdn.co/image/ab67616d0000b27384f807f32de26bbb09e32907"}}, {"model": "data.song", "pk": 33, "fields": {"created_at": "2025-12-18T10:33:53.793Z", "updated_at": "2025-12-18T10:33:53.793Z", "deleted_at": null, "name": "Final Retribution", "slug": "final-retribution-1", "track_number": null, "singer": "No Singer", "composer": "Jack Wall", "spotify_song": "https://open.spotify.com/track/1bMpmPZWmTZMQAxuIuW77m", "spotify_song_poster": "https://i.scdn.co/image/ab67616d0000b273e94da7b4ba8fb5a22f41929d"}}, {"model": "data.song", "pk": 34, "fields": {"created_at": "2025-12-18T13:33:49.057Z", "updated_at": "2025-12-18T13:33:49.057Z", "deleted_at": null, "name": "Black Ops 7", "slug": "black-ops-7", "track_number": null, "singer": "No Singer", "composer": "Jack Wall", "spotify_song": "https://open.spotify.com/track/0fmsPxjNd3cqu32lTzYF0C", "spotify_song_poster": "https://i.scdn.co/image/ab67616d0000b273fe86a199ac452042a531bf5e"}}, {"model": "data.songdetails", "pk": 6, "fields": {"created_at": "2025-12-17T11:38:32.386Z", "updated_at": "2025-12-17T11:58:29.694Z", "deleted_at": null, "song": 24, "genre": "", "album": "Call of Duty Black Ops II (Original Game Soundtrack)", "album_composer": "Jack Wall", "spotify_album": "https://open.spotify.com/album/5Ktys9SYMY2DeqyhGLzQBn", "spotify_album_poster": "https://i.scdn.co/image/ab67616d0000b273bb8639d1374637e0c6b47edb", "release_date": "2012-11-13"}}, {"model": "data.songdetails", "pk": 7, "fields": {"created_at": "2025-12-17T11:50:42.337Z", "updated_at": "2025-12-17T12:03:05.911Z", "deleted_at": null, "song": 25, "genre": "", "album": "Battlefield 6 (Original Video Game Soundtrack)", "album_composer": "Henry Jackman", "spotify_album": "https://open.spotify.com/album/6mOnfNEZwyHMUo0UMIf3Z7", "spotify_album_poster": "https://i.scdn.co/image/ab67616d0000b2731880ed5b4e5b7caa71b66326", "release_date": "2025-10-10"}}, {"model": "data.songdetails", "pk": 8, "fields": {"created_at": "2025-12-17T16:12:50.666Z", "updated_at": "2025-12-17T16:16:10.452Z", "deleted_at": null, "song": 9, "genre": "", "album": "Battlefield 6 (Original Video Game Soundtrack)", "album_composer": "Henry Jackman", "spotify_album": "https://open.spotify.com/album/6mOnfNEZwyHMUo0UMIf3Z7", "spotify_album_poster": "https://i.scdn.co/image/ab67616d0000b2731880ed5b4e5b7caa71b66326", "release_date": "2025-10-10"}}, {"model": "data.songdetails", "pk": 10, "fields": {"created_at": "2025-12-17T16:31:14.251Z", "updated_at": "2025-12-17T16:31:38.988Z", "deleted_at": null, "song": 27, "genre": "soundtrack", "album": "Call of Duty®: Black Ops 7 (Original Soundtrack)", "album_composer": "Jack Wall", "spotify_album": "https://open.spotify.com/album/39QVPHCfcdePV1RB2KFy13", "spotify_album_poster": "https://i.scdn.co/image/ab67616d0000b273fe86a199ac452042a531bf5e", "release_date": "2025-11-14"}}, {"model": "data.songdetails", "pk": 11, "fields": {"created_at": "2025-12-18T10:27:29.877Z", "updated_at": "2025-12-18T10:34:16.243Z", "deleted_at": null, "song": 28, "genre": "soundtrack", "album": "Call of Duty: Black Ops III (Official Soundtrack)", "album_composer": "Jack Wall", "spotify_album": "https://open.spotify.com/album/4AaHaHi12etrGsJA22bHIz", "spotify_album_poster": "https://i.scdn.co/image/ab67616d0000b2736c62e46fa22df6cbafaaf123", "release_date": "2015-11-06"}}, {"model": "data.songdetails", "pk": 12, "fields": {"created_at": "2025-12-18T10:27:57.668Z", "updated_at": "2025-12-18T10:27:57.668Z", "deleted_at": null, "song": 29, "genre": "soundtrack", "album": "", "album_composer": "No Album Composer", "spotify_album": null, "spotify_album_poster": null, "release_date": null}}, {"model": "data.songdetails", "pk": 13, "fields": {"created_at": "2025-12-18T10:28:30.773Z", "updated_at": "2025-12-18T10:28:30.773Z", "deleted_at": null, "song": 30, "genre": "", "album": "", "album_composer": "No Album Composer", "spotify_album": null, "spotify_album_poster": null, "release_date": null}}, {"model": "data.songdetails", "pk": 14, "fields": {"created_at": "2025-12-18T10:30:12.961Z", "updated_at": "2025-12-18T10:30:12.961Z", "deleted_at": null, "song": 31, "genre": "", "album": "", "album_composer": "No Album Composer", "spotify_album": null, "spotify_album_poster": null, "release_date": null}}, {"model": "data.songdetails", "pk": 15, "fields": {"created_at": "2025-12-18T10:33:29.772Z", "updated_at": "2025-12-18T10:33:29.772Z", "deleted_at": null, "song": 32, "genre": "desi", "album": "", "album_composer": "No Album Composer", "spotify_album": null, "spotify_album_poster": null, "release_date": null}}, {"model": "data.songdetails", "pk": 16, "fields": {"created_at": "2025-12-18T10:33:53.800Z", "updated_at": "2025-12-18T10:33:53.800Z", "deleted_at": null, "song": 33, "genre": "soundtrack", "album": "", "album_composer": "No Album Composer", "spotify_album": null, "spotify_album_poster": null, "release_date": null}}, {"model": "data.songdetails", "pk": 17, "fields": {"created_at": "2025-12-18T13:33:49.069Z", "updated_at": "2025-12-18T13:35:05.531Z", "deleted_at": null, "song": 34, "genre": "soundtrack", "album": "Call of Duty®: Black Ops 7 (Original Soundtrack)", "album_composer": "Jack Wall", "spotify_album": "https://open.spotify.com/album/39QVPHCfcdePV1RB2KFy13", "spotify_album_poster": "https://i.scdn.co/image/ab67616d0000b273fe86a199ac452042a531bf5e", "release_date": "2025-11-14"}}, {"model": "data.composer", "pk": 5, "fields": {"created_at": "2025-12-19T11:20:47.040Z", "updated_at": "2025-12-19T11:20:47.040Z", "deleted_at": null, "name": "Alan Silvestri", "genre": "soundtrack", "join_date": "1972-01-01", "about": "Alan Silvestri is a prolific American composer and conductor famous for iconic film scores like Back to the Future, Forrest Gump, The Avengers, Captain America and Predator, known for his energetic, melodic style and frequent collaborations with director Robert Zemeckis. He's a multi-award winner (Grammys, Emmys) with numerous Oscar and Golden Globe nominations, creating recognizable themes for over 100 films and TV shows.", "recent_release": "https://open.spotify.com/album/52DjIJ3q0DEPujC5EBAA7u", "pic": "https://i.scdn.co/image/99a6958df8dfe17c85eff3ac7d2aed2a87413f72", "total_album": 64, "single_tracks": 1}}, {"model": "data.composer", "pk": 6, "fields": {"created_at": "2025-12-19T11:22:21.669Z", "updated_at": "2025-12-19T11:22:21.669Z", "deleted_at": null, "name": "Brian Tyler", "genre": "soundtrack", "join_date": "1997-01-01", "about": "Brian Tyler is a prolific American composer, conductor, and producer known for scoring blockbuster films (Fast & Furious, Avengers: Age of Ultron, Crazy Rich Asians), hit TV shows (Yellowstone, Hawaii Five-O), and video games, blending orchestral power with modern elements for massive franchises, even creating the Formula 1 theme and revamping the Universal Pictures logo. A versatile musician, he's an Academy inductee celebrated for his high-energy, globally successful scores, often conducting major orchestras for his work.", "recent_release": "https://open.spotify.com/album/2MuMehlnXlctgRy56V2qXa", "pic": "https://i.scdn.co/image/ab6761610000e5eb5e43eb7a1380a0e47f05ee9b", "total_album": 88, "single_tracks": 0}}, {"model": "data.composer", "pk": 7, "fields": {"created_at": "2025-12-19T11:24:40.030Z", "updated_at": "2025-12-19T11:24:40.030Z", "deleted_at": null, "name": "Hans Zimmer", "genre": "soundtrack", "join_date": "1982-01-01", "about": "Hans Zimmer is a world-renowned German film composer and producer, famous for his innovative fusion of electronic sounds with traditional orchestras, creating iconic scores for over 150 films like The Lion King, Gladiator, Inception, and Dune, winning multiple Oscars, Grammys, and Golden Globes for his work that defines cinematic emotion and scale. A self-taught musician and former band member, he became a Hollywood powerhouse by integrating new technology with classic scoring, leading the film music division at DreamWorks and influencing a generation of composers through his studio, Remote Control Productions.", "recent_release": "https://open.spotify.com/album/5T12SkIr4B2thi6VX1Ekye", "pic": "https://i.scdn.co/image/ab6761610000e5eb371632043a8c12bb7eeeaf9d", "total_album": 118, "single_tracks": 0}}, {"model": "data.composer", "pk": 8, "fields": {"created_at": "2025-12-19T11:25:22.935Z", "updated_at": "2025-12-19T11:25:22.935Z", "deleted_at": null, "name": "Jack Wall", "genre": "soundtrack", "join_date": "1995-01-01", "about": "Jack Wall is a renowned American video game composer known for epic scores in franchises like Mass Effect, Call of Duty: Black Ops, and the Myst series, recognized for blending orchestral styles with deep storytelling, co-creating Video Games Live, and working with major artists before his game scoring career. He's an award-winning industry figure, co-founder of the Game Audio Network Guild (G.A.N.G.), and praised for his cinematic sound and innovative approach to game music.", "recent_release": "https://open.spotify.com/album/39QVPHCfcdePV1RB2KFy13", "pic": "https://i.scdn.co/image/6ac7df8e26734145be382c2ec9bff9291481ec49", "total_album": 15, "single_tracks": 0}}, {"model": "data.composer", "pk": 9, "fields": {"created_at": "2025-12-19T11:27:31.702Z", "updated_at": "2025-12-19T11:28:41.776Z", "deleted_at": null, "name": "Lalo Schifrin", "genre": "soundtrack,score,brazilian jazz", "join_date": "1956-01-01", "about": "Lalo Schifrin was an Argentine‑American composer, pianist, arranger, and conductor best known for creating the iconic 'Mission: Impossible' theme and scoring over 100 films and television shows, blending jazz, Latin American, and orchestral elements in classic works like Bullitt, Dirty Harry, Cool Hand Luke and more. Born in Buenos Aires, he studied at the Paris Conservatory and became a leading figure in film music, earning multiple Grammy Awards and an honorary Academy Award for his influential career. Schifrin passed away in 2025 at the age of 93.", "recent_release": "https://open.spotify.com/album/4RkTCcWz6nPOJxtJ8Kjvsz", "pic": "https://i.scdn.co/image/c6165e7be8092cc71c5d5cb10378b009f05f1141", "total_album": 107, "single_tracks": 9}}, {"model": "data.composer", "pk": 10, "fields": {"created_at": "2025-12-19T11:29:38.684Z", "updated_at": "2025-12-19T11:29:38.684Z", "deleted_at": null, "name": "Danny Elfman", "genre": "soundtrack", "join_date": "1971-01-01", "about": "Danny Elfman is an American composer, singer, songwriter and musician best known for his prolific film and television scoring career, creating iconic music for over 100 features including Pee‑wee’s Big Adventure, Batman, The Nightmare Before Christmas, Spider‑Man, and the main theme for The Simpsons. He began as the frontman of the new wave band Oingo Boingo before transitioning to film composition in the 1980s, frequently collaborating with director Tim Burton and earning acclaim for his distinctive, imaginative style. Elfman’s work has garnered multiple awards and nominations across Oscars, Emmys and Grammys. :contentReference[oaicite:0]{index=0}", "recent_release": "https://open.spotify.com/album/2eHo0x3BbzYlZebricb0R5", "pic": "https://i.scdn.co/image/ab6761610000e5ebf741706530dbd36d43078b98", "total_album": 70, "single_tracks": 0}}, {"model": "data.composer", "pk": 11, "fields": {"created_at": "2025-12-19T11:31:43.923Z", "updated_at": "2025-12-19T11:31:43.923Z", "deleted_at": null, "name": "John Powell", "genre": "soundtrack", "join_date": "1989-01-01", "about": "John Powell is an English film composer and conductor known for scoring over 70 feature films, including hit franchises such as the Bourne series, Happy Feet, X‑Men: The Last Stand, and How to Train Your Dragon. Based in Los Angeles since 1997, he has earned multiple Grammy nominations and Academy Award nominations for his dynamic and versatile film music, blending orchestral and rhythmic elements in both action and animated films. He was also part of Hans Zimmer’s Remote Control Productions and collaborated on many notable soundtracks.", "recent_release": "https://open.spotify.com/album/1sXAUIOZOXZusAkTiJqJSd", "pic": "https://i.scdn.co/image/ab6761610000e5eb7407d140005a90a2fcb34c43", "total_album": 57, "single_tracks": 0}}, {"model": "data.composer", "pk": 12, "fields": {"created_at": "2025-12-19T11:33:19.461Z", "updated_at": "2025-12-19T11:33:19.461Z", "deleted_at": null, "name": "Lorne Balfe", "genre": "soundtrack", "join_date": "1999-01-01", "about": "Lorne Balfe is a Scottish composer known for his work in film, television, and video game scores, including major franchises like Mission: Impossible, Top Gun: Maverick, Black Widow, Bad Boys for Life, and video games such as Assassin’s Creed and Call of Duty. A veteran of Hans Zimmer’s Remote Control Productions, he blends orchestral, electronic, and modern elements across genres and media, earning awards and nominations including Grammys, Emmys, and BAFTAs, with a career spanning from his early composing work in the late 1990s to major Hollywood projects.", "recent_release": "https://open.spotify.com/album/6iY6Affg8GoxVQNapXiMAM", "pic": "https://i.scdn.co/image/ab6761610000e5eb9f83c28b83ec36891d73cc9c", "total_album": 125, "single_tracks": 0}}, {"model": "data.composer", "pk": 13, "fields": {"created_at": "2025-12-19T11:33:59.091Z", "updated_at": "2025-12-19T11:33:59.091Z", "deleted_at": null, "name": "David Buckley", "genre": "soundtrack", "join_date": "2004-01-01", "about": "David Buckley is a British Emmy‑nominated composer known for scoring films and television shows including The Town, Jason Bourne, The Nice Guys, Nobody, The Sandman, The Good Wife and The Good Fight. Born in London in 1976, he began his musical life in cathedral choirs, studied at Cambridge University, and later moved to Los Angeles to work with Harry Gregson‑Williams before establishing his own career composing dynamic orchestral and dramatic scores blending modern and traditional elements.", "recent_release": "https://open.spotify.com/album/2eqabQdF0Vr9bNyx4kAVks", "pic": "https://i.scdn.co/image/ab6761610000e5ebc7de64c1d472328f36d33381", "total_album": 18, "single_tracks": 0}}, {"model": "data.composer", "pk": 14, "fields": {"created_at": "2025-12-19T11:34:49.122Z", "updated_at": "2025-12-19T11:34:49.122Z", "deleted_at": null, "name": "Henry Jackman", "genre": "soundtrack", "join_date": "1992-01-01", "about": "Henry Jackman is a British film and television music composer, conductor and arranger known for scoring major films including X‑Men: First Class, Captain America: The Winter Soldier, Captain America: Civil War, Kong: Skull Island, Puss in Boots and Monsters vs. Aliens, as well as video game soundtracks such as Uncharted 4: A Thief’s End and Battlefield 6. Born in London in 1974, he studied classical music and began working in the industry in the early 1990s, later collaborating with Hans Zimmer before becoming a leading composer in Hollywood for his dynamic and versatile scores.", "recent_release": "https://open.spotify.com/album/6mOnfNEZwyHMUo0UMIf3Z7", "pic": "https://i.scdn.co/image/a12e1c8bc6cbcecdbbb140bab160502f961e7c09", "total_album": 39, "single_tracks": 0}}, {"model": "data.composer", "pk": 15, "fields": {"created_at": "2025-12-19T11:35:33.733Z", "updated_at": "2025-12-19T11:35:33.733Z", "deleted_at": null, "name": "James Newton Howard", "genre": "soundtrack", "join_date": "1973-01-01", "about": "James Newton Howard is an American film composer, orchestrator and music producer known for scoring over 100 films including Pretty Woman, The Fugitive, The Sixth Sense, Batman Begins (with Hans Zimmer), the Fantastic Beasts and The Hunger Games franchises. Born in Los Angeles, he began his musical career in the 1970s as a keyboardist touring with artists like Elton John and Toto before transitioning to film scoring in the mid‑1980s and becoming one of Hollywood’s most respected composers, earning multiple Grammy and Emmy wins and numerous Oscar nominations.", "recent_release": "https://open.spotify.com/album/1DTQ9zR4MiyZwSpTQHxpt5", "pic": "https://i.scdn.co/image/ab6761610000e5ebe9d190a9e39a772d84b068ab", "total_album": 80, "single_tracks": 0}}, {"model": "data.composer", "pk": 16, "fields": {"created_at": "2025-12-19T11:36:29.571Z", "updated_at": "2025-12-19T11:36:29.571Z", "deleted_at": null, "name": "Nino Rota", "genre": "", "join_date": "1945-01-01", "about": "Nino Rota was an Italian composer best known for his prolific and influential film scores, including long collaborations with director Federico Fellini on films like La Strada, La Dolce Vita, and 8½, as well as the iconic music for Francis Ford Coppola’s The Godfather and The Godfather Part II. Born in Milan, he was a musical prodigy who composed from an early age, studied in Italy and the United States, and went on to compose more than 150 film scores alongside operas, ballets, and orchestral works, becoming one of the most important figures in 20th‑century cinema music. Rota died in Rome in 1979.", "recent_release": "https://open.spotify.com/album/2fNbATRbMjznESMHfYIPrr", "pic": "https://i.scdn.co/image/052de04a5c66dfd07db0b04e46208cc9af16b9fd", "total_album": 147, "single_tracks": 0}}, {"model": "data.composer", "pk": 17, "fields": {"created_at": "2025-12-19T11:37:32.157Z", "updated_at": "2025-12-19T11:37:32.157Z", "deleted_at": null, "name": "Junkie XL", "genre": "big beat", "join_date": "1997-10-14", "about": "Junkie XL (Tom Holkenborg) is a Dutch composer, electronic music producer, multi‑instrumentalist, DJ and film scorer known for his transition from electronic and big beat albums in the 1990s to major Hollywood film scores including Mad Max: Fury Road, Deadpool, Sonic the Hedgehog and Justice League, blending electronic, orchestral and experimental elements. Born in Lichtenvoorde, Netherlands on December 8, 1967, he began performing and producing music in the late 1980s and released his first album under the Junkie XL name in 1997, later becoming a notable film composer working with major directors and studios.", "recent_release": "https://open.spotify.com/album/6LV4sTGcVpNDL6XQZWcReg", "pic": "https://i.scdn.co/image/40d50d5b2574beca6795f74cf1cae1bdaadab8b4", "total_album": 40, "single_tracks": 0}}, {"model": "data.composer", "pk": 18, "fields": {"created_at": "2025-12-19T11:38:07.036Z", "updated_at": "2025-12-19T11:38:07.036Z", "deleted_at": null, "name": "Charlie Clouser", "genre": "soundtrack", "join_date": "1994-01-01", "about": "Charlie Clouser is an American musician, composer, record producer, and remixer known for his work scoring the Saw film franchise and television series like Las Vegas and NUMB3RS. He was born in Hanover, New Hampshire, and played keyboards and programming with the industrial rock band Nine Inch Nails from 1994 to 2000 before establishing his career composing film and TV music. Clouser has also remixed major artists and collaborated across music and media.", "recent_release": "https://open.spotify.com/album/5KmulZeuDRhy1rPKEQlH9A", "pic": "https://i.scdn.co/image/ab67616d0000b273813a99e9796d193b506e7d4f", "total_album": 10, "single_tracks": 0}}, {"model": "data.composer", "pk": 19, "fields": {"created_at": "2025-12-19T11:38:54.178Z", "updated_at": "2025-12-19T11:38:54.178Z", "deleted_at": null, "name": "Tyler Bates", "genre": "soundtrack", "join_date": "1993-01-01", "about": "Tyler Bates is an American film and media composer and music producer known for his dynamic scores on films such as 300, Dawn of the Dead, Guardians of the Galaxy, John Wick, Watchmen, Sucker Punch, and Rob Zombie’s horror movies. Born on June 5, 1965 in Los Angeles, he began his professional composing career in the early 1990s scoring low‑budget films and went on to become a prominent composer in Hollywood, blending orchestral and modern elements across genres.", "recent_release": "https://open.spotify.com/album/0WtAJVbwQDgRTKnasRBtNN", "pic": "https://i.scdn.co/image/ab6761610000e5eb73faac0084f61517186d6de9", "total_album": 32, "single_tracks": 0}}, {"model": "data.composer", "pk": 20, "fields": {"created_at": "2025-12-19T11:39:56.641Z", "updated_at": "2025-12-19T11:39:56.641Z", "deleted_at": null, "name": "Le Castle Vania", "genre": "", "join_date": "2006-01-01", "about": "Le Castle Vania is the stage name of American electronic music producer, DJ, and composer Dylan Eiland, known for his energetic electronic dance music, remixes, and original contributions to film soundtracks including the John Wick series. He began his career as a DJ and producer in the mid‑2000s with the release of his remix of Snowden’s “Black Eyes,” and has since become a prominent figure in electronic music and media scoring.", "recent_release": null, "pic": "https://i.scdn.co/image/ab6761610000e5eb05d403ca990d1d9d9e0bb3dd", "total_album": 0, "single_tracks": 0}}, {"model": "data.composer", "pk": 21, "fields": {"created_at": "2025-12-19T11:41:39.636Z", "updated_at": "2025-12-19T11:41:39.636Z", "deleted_at": null, "name": "Chris Benstead", "genre": "", "join_date": "2019-12-20", "about": "Chris Benstead is a British film composer, arranger and Academy Award‑winning re‑recording mixer known for scoring films and television including The Gentlemen, Wrath of Man, Operation Fortune: Ruse de Guerre, The Covenant and The Ministry of Ungentlemanly Warfare. He began his music career working as a music editor and mixer on major films before transitioning into full composition work with his first score for the Guy Ritchie film The Gentlemen in 2019, blending orchestral and modern cinematic elements.", "recent_release": "https://open.spotify.com/album/74SDCEGZiOzUK4dbrNZznu", "pic": "https://i.scdn.co/image/ab6761610000e5eb162833099361927196212094", "total_album": 7, "single_tracks": 0}}, {"model": "data.composer", "pk": 22, "fields": {"created_at": "2025-12-19T11:42:27.801Z", "updated_at": "2025-12-19T11:42:27.801Z", "deleted_at": null, "name": "A. R. Rahman", "genre": "tamil pop", "join_date": "1992-08-15", "about": "A. R. Rahman is an acclaimed Indian composer, singer‑songwriter and music producer known for revolutionizing Indian film music with his work on Roja, Bombay, Lagaan, Slumdog Millionaire and more, blending classical, electronic and world music. Born Allah Rakha Rahman (originally A. S. Dileep Kumar) on January 6, 1967 in Madras (now Chennai), India, he began his professional career by composing jingles before his breakthrough film score for Mani Ratnam’s Roja in 1992, which launched him to national and international fame with numerous awards including Oscars, Grammys, a Golden Globe and a BAFTA.", "recent_release": "https://open.spotify.com/album/762lOEmT06j5xdr38S447a", "pic": "https://i.scdn.co/image/ab6761610000e5ebb19af0ea736c6228d6eb539c", "total_album": 253, "single_tracks": 0}}, {"model": "data.composer", "pk": 23, "fields": {"created_at": "2025-12-19T11:43:17.139Z", "updated_at": "2025-12-19T11:43:17.139Z", "deleted_at": null, "name": "M83", "genre": "", "join_date": "2001-04-18", "about": "M83 is a French electronic music project formed in Antibes, France, by Anthony Gonzalez and Nicolas Fromageau, known for blending shoegaze, synth‑pop, ambient and electronic rock in critically acclaimed albums and soundtracks including ‘‘Hurry Up, We're Dreaming’’ and the hit ‘‘Midnight City’’. Formed as a duo, Gonzalez remains the primary creative force while M83’s music has garnered international success and influence since the early 2000s.", "recent_release": "https://open.spotify.com/album/2Gvlc723AMrliLB7bgNQ30", "pic": "https://i.scdn.co/image/ab6761610000e5eb961ef259d6d8101edd2f80c0", "total_album": 20, "single_tracks": 0}}, {"model": "data.composer", "pk": 24, "fields": {"created_at": "2025-12-19T11:43:58.522Z", "updated_at": "2025-12-19T11:43:58.522Z", "deleted_at": null, "name": "Walter Mair", "genre": "soundtrack", "join_date": "2006-01-01", "about": "Walter Mair is an Austrian‑born composer known for scoring films, television, video games and documentaries with a blend of orchestral and electronic music. His work includes music for titles such as Till Death, Liaison, Call of Duty: Modern Warfare III and Squid Game, and he has received Ivor Novello and Telly Award recognition for his compositions. Born on December 17, 1978 in Vienna, he studied music composition and has worked internationally, establishing his studio in London and contributing to notable multimedia projects.", "recent_release": "https://open.spotify.com/album/5aBpaJ0zXtvsz5wIFqp8q8", "pic": "https://i.scdn.co/image/ab6761610000e5ebc50988cdd1cd3ba47d1c153f", "total_album": 16, "single_tracks": 0}}, {"model": "data.composer", "pk": 25, "fields": {"created_at": "2025-12-19T11:44:23.728Z", "updated_at": "2025-12-19T11:44:23.728Z", "deleted_at": null, "name": "Sarah Schachner", "genre": "soundtrack", "join_date": "2010-01-01", "about": "Sarah Schachner is an American composer and musician known for scoring music for major video games and films, including Assassin’s Creed Unity, Assassin’s Creed Origins, Anthem, Call of Duty: Infinite Warfare, Call of Duty: Modern Warfare II, and films like The Lazarus Effect and Prey. She began working in the industry composing additional music on major projects before earning full scoring roles and has been recognized for her dynamic blend of orchestral and electronic elements in game and media scores.", "recent_release": "https://open.spotify.com/album/0rrLuOupyx8GQscA7UJLEz", "pic": "https://i.scdn.co/image/ab6761610000e5ebf4106b38887d412e09f85bc5", "total_album": 11, "single_tracks": 0}}, {"model": "data.composer", "pk": 26, "fields": {"created_at": "2025-12-19T11:45:03.321Z", "updated_at": "2025-12-19T11:45:03.321Z", "deleted_at": null, "name": "Ennio Morricone", "genre": "", "join_date": "1954-01-01", "about": "Ennio Morricone was an Italian composer, orchestrator and conductor renowned for his prolific work in film and television, composing over 500 scores including iconic Spaghetti Westerns such as The Good, the Bad and the Ugly, Once Upon a Time in the West, and films like Cinema Paradiso, The Mission, and The Untouchables. Born on November 10, 1928 in Rome, Italy, he began his professional career in the early 1950s composing for radio and film, becoming one of the most influential film composers in cinematic history with numerous awards including Oscars, Golden Globes, and BAFTAs.", "recent_release": "https://open.spotify.com/album/6MGvCMPS9WLxHPVRVsqqKn", "pic": "https://i.scdn.co/image/ab6761610000e5ebd0430d67cd189b4b54dcf6f9", "total_album": 50, "single_tracks": 0}}, {"model": "data.composer", "pk": 27, "fields": {"created_at": "2025-12-19T11:46:15.666Z", "updated_at": "2025-12-19T11:46:15.666Z", "deleted_at": null, "name": "Vince DiCola", "genre": "", "join_date": "1983-05-27", "about": "Vince DiCola is an American composer, keyboardist and arranger known for his work on iconic 1980s film scores including Staying Alive, Rocky IV and The Transformers: The Movie. Born in Lancaster, Pennsylvania, he moved to California in 1981, where he began his professional music career as a session musician and composer. DiCola’s early breakthrough came when he co‑wrote songs for the Staying Alive soundtrack, launching him into film composition and synthesizer‑driven scoring.", "recent_release": "https://open.spotify.com/album/17KxqVYghanAMXCTC57w4s", "pic": "https://i.scdn.co/image/ab67616d0000b2736ed4ad7424a3abe51bd67e4a", "total_album": 6, "single_tracks": 0}}, {"model": "data.composer", "pk": 28, "fields": {"created_at": "2025-12-19T11:46:33.120Z", "updated_at": "2025-12-19T11:46:33.120Z", "deleted_at": null, "name": "Toma Otowa", "genre": "", "join_date": "2008-10-22", "about": "Toma Otowa is a Japanese film and video game composer based in Los Angeles known for contributing music to major Hollywood films such as Thor: Ragnarok, Croods: A New Age, The Lego Movie 2 and Hotel Transylvania 3, as well as video game titles like Resident Evil 5, Afrika, Halo 2 Anniversary and Ratchet & Clank: Rift Apart. Born in Aizuwakamatsu, Fukushima, Japan on August 24, 1974, he has built a diverse career blending orchestral and media scoring across global projects.", "recent_release": "https://open.spotify.com/album/7fvFqlSScHtQ6RVpV7XN3Y", "pic": "https://i.scdn.co/image/ab6761610000e5eb4744c465504a7d5701e05183", "total_album": 1, "single_tracks": 0}}, {"model": "data.composer", "pk": 29, "fields": {"created_at": "2025-12-19T11:47:02.865Z", "updated_at": "2025-12-19T11:47:02.865Z", "deleted_at": null, "name": "Ilan Eshkeri", "genre": "soundtrack", "join_date": "2004-09-10", "about": "Ilan Eshkeri is a British composer known for his work on film, television, and video game music, including scores for Layer Cake, Stardust, The Young Victoria, Still Alice, Ghost of Tsushima, and Shaun the Sheep Movie. Born on April 7, 1977 in London, he studied music and English literature at the University of Leeds and began his professional composing career with his first major credited film score for the crime film Layer Cake in 2004, gaining recognition in the industry for his evocative and diverse musical style.", "recent_release": "https://open.spotify.com/album/28OpCFGSCj46GZTZ0Wz9hD", "pic": "https://i.scdn.co/image/ab6761610000e5eb92c3da9dae514e75ff711305", "total_album": 29, "single_tracks": 0}}, {"model": "data.composer", "pk": 30, "fields": {"created_at": "2025-12-19T11:47:54.915Z", "updated_at": "2025-12-19T11:47:54.915Z", "deleted_at": null, "name": "Himesh Reshammiya", "genre": "bollywood", "join_date": "1998-03-27", "about": "Himesh Reshammiya is an Indian music composer, singer, songwriter and actor known for his prolific work in Bollywood film music since the late 1990s. He made his debut as a music composer contributing songs to the 1998 Salman Khan film Pyaar Kiya To Darna Kya, and went on to gain prominence with hit soundtracks for films such as Tere Naam, Aashiq Banaya Aapne and numerous others, later establishing himself as a singer and actor in Indian cinema.", "recent_release": "https://open.spotify.com/album/37NMoHbYDvRBMAK8CfQDMj", "pic": "https://i.scdn.co/image/ab6761610000e5eb2cfc402fa29cd2949023a8bf", "total_album": 93, "single_tracks": 0}}, {"model": "data.composer", "pk": 31, "fields": {"created_at": "2025-12-19T11:48:32.641Z", "updated_at": "2025-12-19T11:48:32.641Z", "deleted_at": null, "name": "Rob Dougan", "genre": "", "join_date": "1995-02-01", "about": "Rob Dougan is an Australian composer, producer and musician known for blending orchestral arrangements with electronic and trip hop elements, gaining widespread recognition for his 1995 breakthrough single “Clubbed to Death (Kurayamino Variation)” which was later featured on The Matrix soundtrack. Born in 1969 in Sydney, he began his professional music career in the early 1990s as a DJ and remix artist and went on to release his debut album Furious Angels and contribute music that bridged electronic and cinematic styles.", "recent_release": "https://open.spotify.com/album/62dNwStZgn5XA2sZuMQ46F", "pic": "https://i.scdn.co/image/ab67616d0000b273f5c4383f7891617e1602e20a", "total_album": 1, "single_tracks": 0}}, {"model": "data.composer", "pk": 32, "fields": {"created_at": "2025-12-19T11:48:54.935Z", "updated_at": "2025-12-19T11:48:54.935Z", "deleted_at": null, "name": "Michael Giacchino", "genre": "soundtrack", "join_date": "2004-06-05", "about": "Michael Giacchino is an American composer known for scoring some of the most acclaimed films and television series of the 21st century, including The Incredibles, Ratatouille, Up, Lost, Star Trek, Jurassic World, Rogue One: A Star Wars Story, Spider‑Man films, Doctor Strange, and many more. Born on October 10, 1967 in Riverside, New Jersey, he began his professional music career composing for video games and television before his first major feature film score for The Incredibles, which premiered in 2004, launching his Hollywood career.", "recent_release": "https://open.spotify.com/album/2i1QqSI3UmOsQf12CQUdRN", "pic": "https://i.scdn.co/image/ab6761610000e5eb9945209ac13720afd7eea2e3", "total_album": 63, "single_tracks": 0}}, {"model": "data.composer", "pk": 33, "fields": {"created_at": "2025-12-19T11:50:00.335Z", "updated_at": "2025-12-19T11:50:00.336Z", "deleted_at": null, "name": "Ludwig Göransson", "genre": "soundtrack", "join_date": "2009-09-17", "about": "Ludwig Göransson is a Swedish composer, conductor and record producer known for his work scoring film, television and media, including the sitcom Community, the Disney+ Star Wars series The Mandalorian, and major films like Tenet, Fruitvale Station, Creed, Black Panther and Oppenheimer. Born on September 1, 1984 in Linköping, Sweden, he began his professional composing career with his first credited work on the NBC series Community in 2009, later winning multiple Academy Awards and Emmy Awards for his dynamic and innovative music.", "recent_release": "https://open.spotify.com/album/6PQXsiHd4AjrAqhWLd5HyT", "pic": "https://i.scdn.co/image/e7a97b420e09f4f125cd3e14fca5e7ea174e74e0", "total_album": 29, "single_tracks": 0}}, {"model": "data.composer", "pk": 34, "fields": {"created_at": "2025-12-19T12:12:29.628Z", "updated_at": "2025-12-19T12:12:29.628Z", "deleted_at": null, "name": "Big Giant Circles", "genre": "", "join_date": "2011-09-12", "about": "Big Giant Circles is the stage name of American composer and electronic musician Jimmy Hinson, known for his video game music compositions and electronic work in titles such as Borderlands 2, Threes!, There Came an Echo, Super Street Fighter II Turbo HD Remix and Mass Effect 2. Born on July 27, 1981, in the United States, he started his career composing and remixing video game music in the early 2000s with contributions on OverClocked ReMix before releasing his debut independent album Impostor Nostalgia in 2011 and becoming an active professional composer in the games industry.", "recent_release": "https://open.spotify.com/album/1v62xwqPYqRO8NxGEtREAP", "pic": "https://i.scdn.co/image/ab6761610000e5eb99077b36465aa642785f73c8", "total_album": 10, "single_tracks": 0}}, {"model": "data.composer", "pk": 35, "fields": {"created_at": "2025-12-19T12:23:10.239Z", "updated_at": "2025-12-19T12:23:10.239Z", "deleted_at": null, "name": "Adrián Berenguer", "genre": "", "join_date": "2018-01-19", "about": "Adrián Berenguer is a Spanish composer and musician from Alicante who creates music for films, video games and instrumental albums. Born March 11, 1988, he began his professional composing career with projects such as Timothy vs. The Aliens and Effie, later scoring works like Summer in Mara, Koa and the Five Pirates of Mara and numerous solo instrumental albums under his ANBR alias, blending cinematic, orchestral and modern electronic elements across media.", "recent_release": "https://open.spotify.com/album/5chDH86l4WflsCFbDHoXaF", "pic": "https://i.scdn.co/image/ab6761610000e5eba54914dc81f290fadc52af80", "total_album": 18, "single_tracks": 0}}, {"model": "data.composer", "pk": 36, "fields": {"created_at": "2025-12-19T12:24:59.665Z", "updated_at": "2025-12-19T12:24:59.665Z", "deleted_at": null, "name": "Ramin Djawadi", "genre": "soundtrack", "join_date": "2001-02-05", "about": "Ramin Djawadi is a German‑Iranian composer and music producer known for scoring major films and television series including Iron Man, Pacific Rim, Prison Break, Person of Interest, Westworld, and Game of Thrones. Born on July 19, 1974 in Duisburg, Germany, he moved to the United States to study at Berklee College of Music and began his professional music career assisting Hans Zimmer before his first solo credited score for the television series Angel in 2001, establishing him as a prominent composer in Hollywood.", "recent_release": "https://open.spotify.com/album/35b3GZrZd4DqEjAC2rYMj0", "pic": "https://i.scdn.co/image/ab6761610000e5eb91e7dd670bc7d3ec7d1cbc6f", "total_album": 56, "single_tracks": 0}}, {"model": "data.composer", "pk": 37, "fields": {"created_at": "2025-12-19T12:25:44.450Z", "updated_at": "2025-12-19T12:25:44.450Z", "deleted_at": null, "name": "Trevor Jones", "genre": "", "join_date": "1974-03-01", "about": "Trevor Jones is a South African-born composer known for scoring numerous films including The Last of the Mohicans, Labyrinth, Mississippi Burning, Excalibur, and The Dark Crystal. Born on March 15, 1949 in Cape Town, South Africa, he moved to London to study music and began his professional composing career with his first credited film score for the 1974 film The Awakening, establishing him as a significant figure in cinematic music.", "recent_release": "https://open.spotify.com/album/5X7LDGh560gFvP7Ayt95oI", "pic": "https://i.scdn.co/image/e6252595549d9196d1824de81395915c22474c54", "total_album": 20, "single_tracks": 0}}, {"model": "data.composer", "pk": 38, "fields": {"created_at": "2025-12-19T12:26:34.112Z", "updated_at": "2025-12-19T12:26:34.112Z", "deleted_at": null, "name": "Randy Edelman", "genre": "", "join_date": "1973-09-19", "about": "Randy Edelman is an American composer and conductor known for scoring films such as Dragon: The Bruce Lee Story, Gettysburg, Dragonheart, The Mask, Kindergarten Cop, and Tombstone. Born on June 10, 1947 in Paterson, New Jersey, he began his professional composing career in the early 1970s, with his first credited film score for the movie Sweet Kill in 1973, establishing his presence in Hollywood as a versatile composer blending orchestral and contemporary styles.", "recent_release": "https://open.spotify.com/album/2sI0etBl7f6T1m9QgPQ7ut", "pic": "https://i.scdn.co/image/73eea870d552ddaa17b1678af1efa4a90289b9c7", "total_album": 27, "single_tracks": 0}}, {"model": "data.composer", "pk": 39, "fields": {"created_at": "2025-12-19T12:27:36.267Z", "updated_at": "2025-12-19T12:27:36.267Z", "deleted_at": null, "name": "Jerry Goldsmith", "genre": "soundtrack", "join_date": "1951-04-15", "about": "Jerry Goldsmith was an American composer and conductor known for his prolific work in film and television, including scores for Planet of the Apes, Patton, Chinatown, Star Trek: The Motion Picture, The Omen, Total Recall, Basic Instinct and Rambo Series. Born on February 10, 1929 in Los Angeles, California, he began his professional composing career in 1951 with his first credited film score for City Across the River, establishing him as one of Hollywood’s most influential and versatile composers.", "recent_release": "https://open.spotify.com/album/3RDMaX19JmUcJNlbBVTqyk", "pic": "https://i.scdn.co/image/58617532053465c8dd3725d0ebfde61edf2c6b03", "total_album": 94, "single_tracks": 0}}, {"model": "data.composer", "pk": 40, "fields": {"created_at": "2025-12-19T12:28:12.050Z", "updated_at": "2025-12-19T12:28:12.050Z", "deleted_at": null, "name": "Sean Murray", "genre": "soundtrack", "join_date": "1987-11-20", "about": "Sean Murray is an American composer known for his work in television, film, and video games, including scoring music for NCIS, The Land Before Time film series, and various other projects. Born on June 27, 1965, in the United States, he began his professional composing career in the late 1980s, with his first credited work for the TV movie Christmas Comes to Willow Creek in 1987, establishing him as a notable composer in media.", "recent_release": "https://open.spotify.com/album/7EnRJzgvE5wcGXpu9LpwDZ", "pic": "https://i.scdn.co/image/ab6761610000e5eb8140907ab04b3b1aeb939796", "total_album": 8, "single_tracks": 0}}, {"model": "data.composer", "pk": 41, "fields": {"created_at": "2025-12-19T12:29:30.385Z", "updated_at": "2025-12-19T12:29:30.385Z", "deleted_at": null, "name": "James Horner", "genre": "soundtrack", "join_date": "1978-09-12", "about": "James Horner was an American composer and conductor known for his prolific work in film music, including iconic scores for Titanic, Avatar, Braveheart, Field of Dreams, Apollo 13, Glory, and Star Trek II: The Wrath of Khan. Born on August 14, 1953, in Los Angeles, California, he studied at the Royal College of Music and UCLA, and began his professional composing career with his first credited film score for the 1978 movie The Lady in Red, establishing himself as one of Hollywood's most influential composers.", "recent_release": "https://open.spotify.com/album/1DTQ9zR4MiyZwSpTQHxpt5", "pic": "https://i.scdn.co/image/cf3b34dae12d2d8147b8c2b39387047778d587e3", "total_album": 70, "single_tracks": 0}}, {"model": "data.composer", "pk": 42, "fields": {"created_at": "2025-12-19T12:30:30.371Z", "updated_at": "2025-12-19T12:30:30.371Z", "deleted_at": null, "name": "Joel J. Richard", "genre": "soundtrack", "join_date": "2014-10-21", "about": "Joel J. Richard is an American composer known for co‑scoring the John Wick film franchise alongside Tyler Bates, including John Wick (2014), Chapter 2, Chapter 3 – Parabellum, and John Wick: Chapter 4, as well as contributing music for television series such as Quantico. He began his career working in the music department with prominent composers and transitioned into major film composition work, helping shape the distinctive hybrid sound of the John Wick scores.", "recent_release": "https://open.spotify.com/album/1cAD7erKu6S1hICch1kaLh", "pic": "https://i.scdn.co/image/ab67616d0000b273d283972b8d22cd5a50089ac8", "total_album": 3, "single_tracks": 0}}, {"model": "data.composer", "pk": 43, "fields": {"created_at": "2025-12-19T12:31:00.206Z", "updated_at": "2025-12-19T12:31:00.206Z", "deleted_at": null, "name": "Lucky Ali", "genre": "desi pop", "join_date": "1996-01-01", "about": "Lucky Ali is an Indian singer, composer, songwriter, and actor known for his soulful voice and pop music contributions in the Indian music industry. Born Maqsood Ali on September 19, 1958, he began his professional music career with his debut album *Sunoh*, released in 1996, which gained critical and commercial acclaim and established him as a prominent figure in Indian pop music.", "recent_release": "https://open.spotify.com/album/0ysTWzXqgUdfk15ZHZsYye", "pic": "https://i.scdn.co/image/ab6761610000e5ebe598cdb205e361740b2473cf", "total_album": 9, "single_tracks": 0}}, {"model": "data.composer", "pk": 44, "fields": {"created_at": "2025-12-19T12:31:47.998Z", "updated_at": "2025-12-19T12:31:47.998Z", "deleted_at": null, "name": "Michael Jackson", "genre": "", "join_date": "1969-10-07", "about": "Michael Jackson was an American singer, songwriter, and dancer, widely regarded as the King of Pop. Born on August 29, 1958, in Gary, Indiana, he began his professional music career as the lead singer of the Jackson 5, releasing their first single 'I Want You Back' in 1969. He later became a global solo superstar with albums like Off the Wall, Thriller, and Bad, revolutionizing pop music, dance, and music videos.", "recent_release": "https://open.spotify.com/album/57TzZhbqvYoUBzJSVKFVlG", "pic": "https://i.scdn.co/image/ab6761610000e5eb997cc9a4aec335d46c9481fd", "total_album": 17, "single_tracks": 0}}, {"model": "data.composer", "pk": 45, "fields": {"created_at": "2025-12-19T12:32:22.390Z", "updated_at": "2025-12-19T12:32:22.390Z", "deleted_at": null, "name": "Vangelis", "genre": "new age", "join_date": "1963-01-01", "about": "Vangelis, born Evangelos Odysseas Papathanassiou, was a Greek composer and electronic music pioneer known for his atmospheric and innovative film scores including Chariots of Fire, Blade Runner, 1492: Conquest of Paradise, and Antarctica. Born on March 29, 1943, in Volos, Greece, he began his professional music career in the early 1960s with the Greek band Forminx, and later moved into electronic music and film scoring, becoming a globally influential composer.", "recent_release": "https://open.spotify.com/album/5wokAXqDFeWdrpIIx1fVig", "pic": "https://i.scdn.co/image/ab6761610000e5eb4eb15436c35fface06216543", "total_album": 41, "single_tracks": 0}}, {"model": "data.composer", "pk": 46, "fields": {"created_at": "2025-12-19T12:32:57.502Z", "updated_at": "2025-12-19T12:32:57.502Z", "deleted_at": null, "name": "Mark Mancina", "genre": "", "join_date": "1987-10-23", "about": "Mark Mancina is an American composer known for his work on film scores such as Speed, Twister, Tarzan, Moana, Bad Boys II, and training wheels for video games and TV. Born on March 25, 1956, in Los Angeles, California, he began his professional composing career in the 1980s, with his first major credited film score for the 1987 film Warning Sign, establishing him as a prominent figure in cinematic music.", "recent_release": "https://open.spotify.com/album/0vSxf02WIjxDLEqbEyWWQ1", "pic": "https://i.scdn.co/image/ad418f4e47780da6488907f9e25a8f91c58af0dc", "total_album": 19, "single_tracks": 0}}, {"model": "data.composer", "pk": 47, "fields": {"created_at": "2025-12-19T12:33:33.634Z", "updated_at": "2025-12-19T12:33:33.634Z", "deleted_at": null, "name": "David Arnold", "genre": "soundtrack", "join_date": "1989-10-20", "about": "David Arnold is a British composer known for scoring major films and television series including Independence Day, Stargate, Godzilla, multiple James Bond films (Tomorrow Never Dies, The World Is Not Enough, Die Another Day, Casino Royale, Quantum of Solace) and Sherlock. Born on January 23, 1962, in Luton, England, he began his professional composing career with his first credited film score for the 1989 movie Licence to Kill, establishing him as a prominent composer in cinematic music.", "recent_release": "https://open.spotify.com/album/1fgyr9rfPcfnAadM4EWPDd", "pic": "https://i.scdn.co/image/8236f48e2f58bb53d270af49f4b36ad10e184e50", "total_album": 31, "single_tracks": 0}}, {"model": "data.composer", "pk": 48, "fields": {"created_at": "2025-12-19T12:34:02.993Z", "updated_at": "2025-12-19T12:34:02.993Z", "deleted_at": null, "name": "Kitaro", "genre": "new age", "join_date": "1978-06-15", "about": "Kitaro, born Masanori Takahashi, is a Japanese composer, musician, and multi-instrumentalist known for his pioneering work in new-age and electronic music, blending traditional Japanese instruments with synthesizers and global influences. Born on February 4, 1953, in Toyohashi, Japan, he began his professional music career in the early 1970s as a member of the folk band Far East Family Band before releasing his first solo album, Ten Kai, in 1978, establishing his solo career as a prominent figure in new-age music.", "recent_release": "https://open.spotify.com/album/3QHNIfpYFqWfw4gcvE8lLZ", "pic": "https://i.scdn.co/image/ab6761610000e5ebced8a9fbd967d3d7d1da2196", "total_album": 76, "single_tracks": 0}}, {"model": "data.composer", "pk": 49, "fields": {"created_at": "2025-12-19T12:34:32.855Z", "updated_at": "2025-12-19T12:34:32.855Z", "deleted_at": null, "name": "Steve Jablonsky", "genre": "soundtrack", "join_date": "2003-10-17", "about": "Steve Jablonsky is an American composer known for scoring blockbuster films and video games, including the Transformers series, Battleship, Lone Survivor, and video game titles such as Gears of War. Born on October 9, 1970, in Los Angeles, California, he began his professional composing career working as a music assistant to Hans Zimmer before receiving his first solo credited film score for the movie The Texas Chainsaw Massacre in 2003, establishing his career as a prominent Hollywood composer.", "recent_release": "https://open.spotify.com/album/1msbWhz1riVEbS4xqiVGpW", "pic": "https://i.scdn.co/image/c65979ab9c8924cd836b77331cf8afa4463f51eb", "total_album": 26, "single_tracks": 0}}, {"model": "data.composer", "pk": 50, "fields": {"created_at": "2025-12-19T12:35:04.913Z", "updated_at": "2025-12-19T12:35:04.913Z", "deleted_at": null, "name": "David Garrett", "genre": "classical", "join_date": "1997-05-12", "about": "David Garrett is a German classical and crossover violinist known for blending classical music with rock and pop influences. Born on September 4, 1980, in Aachen, Germany, he began his professional music career at a young age, performing with major orchestras and releasing his first solo album, David Garrett, in 1997, establishing him as a prominent violinist internationally.", "recent_release": "https://open.spotify.com/album/5ngU2ZXXd6vQ5HspDPPBan", "pic": "https://i.scdn.co/image/ab6761610000e5ebdd0b51e36ad4c435335354bf", "total_album": 17, "single_tracks": 0}}, {"model": "data.composer", "pk": 51, "fields": {"created_at": "2025-12-19T12:35:45.246Z", "updated_at": "2025-12-19T12:35:45.246Z", "deleted_at": null, "name": "Michael Price", "genre": "soundtrack", "join_date": "1996-01-01", "about": "Michael Price is a British composer, arranger and music editor known for scoring numerous film and television projects including Sherlock (with David Arnold), Unforgotten, Eternal Beauty, Wild Child and others, as well as his work editing and contributing to major scores such as The Lord of the Rings trilogy and Band of Brothers. His first film work came when he was invited by composer Michael Kamen to orchestrate and program sounds for Event Horizon (1997), launching his professional career in cinematic music.", "recent_release": "https://open.spotify.com/album/1SEZg51Pjq4LWDZ5fpy0p4", "pic": "https://i.scdn.co/image/ab6761610000e5eb5cf245da92f982cb6fb8d0c5", "total_album": 21, "single_tracks": 0}}, {"model": "data.composer", "pk": 52, "fields": {"created_at": "2025-12-19T12:36:31.215Z", "updated_at": "2025-12-19T12:36:31.215Z", "deleted_at": null, "name": "Enigma", "genre": "new age", "join_date": "1990-12-10", "about": "Enigma is a musical project founded by German producer and composer Michael Cretu, known for blending electronic, new-age, and world music elements. Enigma gained worldwide fame with the 1990 release of their debut album *MCMXC a.D.*, featuring the hit single 'Sadeness (Part I)', which introduced a distinctive fusion of Gregorian chants, ambient sounds, and electronic beats.", "recent_release": "https://open.spotify.com/album/445jC9AkzNZk53sfELmRCP", "pic": "https://i.scdn.co/image/ab6761610000e5eb9ae626f41a7ce681c8266897", "total_album": 10, "single_tracks": 0}}, {"model": "data.composer", "pk": 53, "fields": {"created_at": "2025-12-19T12:37:10.742Z", "updated_at": "2025-12-19T12:37:10.742Z", "deleted_at": null, "name": "Moby", "genre": "downtempo", "join_date": "1992-07-01", "about": "Moby, born Richard Melville Hall, is an American musician, songwriter, singer, producer, and DJ known for pioneering electronic music and blending techno, house, ambient, and rock influences. Born on September 11, 1965, in New York City, he began his professional music career in the late 1980s, releasing his debut album *Moby* in 1992, which marked the start of his globally recognized career in electronic music.", "recent_release": "https://open.spotify.com/album/0FwiMRIlzKZEXLDwkxxS2j", "pic": "https://i.scdn.co/image/ab6761610000e5eb51998989b51d8bda6a7486f2", "total_album": 51, "single_tracks": 0}}, {"model": "data.composer", "pk": 54, "fields": {"created_at": "2025-12-19T12:37:41.678Z", "updated_at": "2025-12-19T12:37:41.678Z", "deleted_at": null, "name": "Chris Cornell", "genre": "grunge", "join_date": "1984-07-01", "about": "Chris Cornell was an American singer, songwriter, and musician, best known as the lead vocalist for Soundgarden and Audioslave, and for his solo work. Born on July 20, 1964, in Seattle, Washington, he began his professional music career in 1984 when Soundgarden released their debut EP *Screaming Life*, marking the start of his influential role in the grunge and rock music scene.", "recent_release": "https://open.spotify.com/album/50CtNizqlxOXeHICmNwc45", "pic": "https://i.scdn.co/image/f7db2b2d592dd542e7470e2307a5848060837565", "total_album": 5, "single_tracks": 0}}, {"model": "data.composer", "pk": 55, "fields": {"created_at": "2025-12-19T12:38:44.022Z", "updated_at": "2025-12-19T12:38:44.022Z", "deleted_at": null, "name": "Daniel Pemberton", "genre": "soundtrack", "join_date": "2011-11-11", "about": "Daniel Pemberton is a British composer known for scoring films such as The Awakening, The Counselor, Steve Jobs, The Man from U.N.C.L.E., Molly’s Game, Spider‑Man: Into the Spider‑Verse, and The Trial of the Chicago 7, blending orchestral, electronic, and innovative styles. Born on November 3, 1977, in the United Kingdom, he began his professional film composing career with his debut score for The Awakening in 2011 before going on to collaborate with major directors and earn multiple award nominations.", "recent_release": "https://open.spotify.com/album/3Yp0vVDFS7tds4B2wCfrwD", "pic": "https://i.scdn.co/image/ab6761610000e5eb67e1d0b15132dcfc195aff8c", "total_album": 53, "single_tracks": 0}}, {"model": "data.composer", "pk": 56, "fields": {"created_at": "2025-12-19T12:39:24.390Z", "updated_at": "2025-12-19T12:39:24.390Z", "deleted_at": null, "name": "Bill Conti", "genre": "", "join_date": "1970-05-01", "about": "Bill Conti is an American composer and conductor known for his work on film scores such as Rocky, The Right Stuff, For Your Eyes Only, and television themes including Dynasty. Born on April 13, 1942, in Providence, Rhode Island, he began his professional composing career with his first credited film score for the movie The Baltimore Bullet in 1980, marking the start of his prolific career in Hollywood.", "recent_release": "https://open.spotify.com/album/5tPdkTUZVfiNKzvNzkKFOH", "pic": "https://i.scdn.co/image/4f0ecc7b0bb55b90e5569e2ba91b3fae394c57a8", "total_album": 12, "single_tracks": 0}}, {"model": "data.composer", "pk": 57, "fields": {"created_at": "2025-12-19T12:40:01.004Z", "updated_at": "2025-12-19T12:40:01.004Z", "deleted_at": null, "name": "Marco Beltrami", "genre": "soundtrack", "join_date": "1992-09-01", "about": "Marco Beltrami is an American composer known for his work on film scores including Scream, Resident Evil, 3:10 to Yuma, The Wolverine, A Quiet Place, and many other horror and action films. Born on October 7, 1966, in New York City, he began his professional composing career with his first credited film score for the 1992 movie A Bottle in the Gaza Strip, establishing his presence in cinematic music.", "recent_release": "https://open.spotify.com/album/7nE4Q4975jm8htEU4Hybqu", "pic": "https://i.scdn.co/image/ab6761610000e5eb032922d4adc222ac568a4f67", "total_album": 75, "single_tracks": 0}}, {"model": "data.composer", "pk": 58, "fields": {"created_at": "2025-12-19T12:40:28.247Z", "updated_at": "2025-12-19T12:40:28.247Z", "deleted_at": null, "name": "Brad Fiedel", "genre": "soundtrack", "join_date": "1979-03-15", "about": "Brad Fiedel is an American composer and musician best known for his electronic and synthesizer-based film scores, including The Terminator, Terminator 2: Judgment Day, and True Lies, as well as work on many other films and television projects. Born on May 10, 1951, he began his professional composing career with his first credited film score for the 1979 movie Fade to Black, establishing himself as an innovative composer in Hollywood.", "recent_release": "https://open.spotify.com/album/6XvEW217Vz3aergoFkWJDN", "pic": "https://i.scdn.co/image/47c60ccc0ffd3398db2d1f4fac9dadb695ea24e5", "total_album": 2, "single_tracks": 0}}, {"model": "data.composer", "pk": 59, "fields": {"created_at": "2025-12-19T12:41:22.815Z", "updated_at": "2025-12-19T12:41:22.815Z", "deleted_at": null, "name": "Daft Punk", "genre": "french house", "join_date": "1993-04-20", "about": "Daft Punk was a French electronic music duo formed by Thomas Bangalter and Guy-Manuel de Homem-Christo, known for pioneering house, electronic, and dance music with albums like Homework, Discovery, Human After All, and Random Access Memories. They gained global recognition for their innovative sound, visual identity, and live performances.", "recent_release": "https://open.spotify.com/album/5AFf68gtvNgGLZarsyEEL8", "pic": "https://i.scdn.co/image/ab6761610000e5ebd3aa7cc0e419b6c459b08e8e", "total_album": 15, "single_tracks": 0}}, {"model": "data.composer", "pk": 60, "fields": {"created_at": "2025-12-19T12:41:53.728Z", "updated_at": "2025-12-19T12:41:53.728Z", "deleted_at": null, "name": "Giorgio Moroder", "genre": "italo disco", "join_date": "1963-06-15", "about": "Giorgio Moroder is an Italian composer, songwriter, and record producer, widely regarded as a pioneer of electronic disco and synth music. Born on April 26, 1940, in Ortisei, Italy, he began his professional music career in the mid-1960s, releasing his first single and later producing groundbreaking albums and film scores, including hits for Donna Summer and soundtracks for films like Midnight Express, Scarface, and Top Gun.", "recent_release": "https://open.spotify.com/album/3EoEIzdXPB6irLohMJZf6I", "pic": "https://i.scdn.co/image/ae53e43ad044fe30298ac986a606bef7db4617bb", "total_album": 18, "single_tracks": 0}}, {"model": "data.composer", "pk": 61, "fields": {"created_at": "2025-12-19T12:42:45.103Z", "updated_at": "2025-12-19T12:42:45.103Z", "deleted_at": null, "name": "Jim Johnston", "genre": "", "join_date": "1985-01-01", "about": "Jim Johnston is an American composer and music producer best known for creating entrance theme music for professional wrestlers in WWE for over three decades. Born on February 19, 1952, he began his professional music career with WWE (then WWF) in 1985, composing and producing iconic themes such as The Undertaker, Stone Cold Steve Austin, and The Rock, significantly influencing the sound of sports entertainment.", "recent_release": "https://open.spotify.com/album/3Foce75tChN2XUoPXTQkJl", "pic": "https://i.scdn.co/image/ab6761610000e5eb08a2e06804e21327c11a8dc3", "total_album": 17, "single_tracks": 0}}, {"model": "data.composer", "pk": 62, "fields": {"created_at": "2025-12-19T12:43:50.260Z", "updated_at": "2025-12-19T12:43:50.260Z", "deleted_at": null, "name": "Kenji Kawai", "genre": "", "join_date": "1983-06-15", "about": "Kenji Kawai is a Japanese composer and music producer known for scoring anime, film, and video games, including Ghost in the Shell, Mobile Suit Gundam, Ring, and Patlabor. Born on April 23, 1957, in Shinagawa, Tokyo, Japan, he began his professional composing career in 1983 with his first credited film score for the movie The Water Was So Clear, establishing himself as a prominent figure in Japanese cinematic and electronic music.", "recent_release": "https://open.spotify.com/album/1nHxszmIKkwlsgX4wANWeM", "pic": "https://i.scdn.co/image/ab6761610000e5eb367b03ee7bd1931aba6a27a8", "total_album": 58, "single_tracks": 0}}, {"model": "data.composer", "pk": 63, "fields": {"created_at": "2025-12-19T12:45:41.093Z", "updated_at": "2025-12-19T12:45:41.093Z", "deleted_at": null, "name": "Lisa Gerrard", "genre": "soundtrack", "join_date": "1981-08-01", "about": "Lisa Gerrard is an Australian musician, singer, and composer best known for her work as one‑half of the influential music duo Dead Can Dance and for her acclaimed contributions to film scores. She is noted for her distinctive vocal style and range, often singing in a self‑created language, and her blending of world music, neoclassical, and ambient elements. Gerrard has won a Golden Globe Award for Best Original Score for Gladiator (with Hans Zimmer) and has contributed to many other films, including The Insider, Whale Rider, and Balibo. Her professional career began with the formation of Dead Can Dance in 1981, leading to both group and solo success in music and cinema.", "recent_release": "https://open.spotify.com/album/1CYHgdWySPfbMWTE18Drdn", "pic": "https://i.scdn.co/image/e9210a0a99eab042304456351ea0bd97a8788fe5", "total_album": 36, "single_tracks": 0}}, {"model": "data.composer", "pk": 64, "fields": {"created_at": "2025-12-19T12:46:23.747Z", "updated_at": "2025-12-19T12:46:23.747Z", "deleted_at": null, "name": "Zack Hemsey", "genre": "", "join_date": "2006-01-01", "about": "Zack Hemsey is an American composer, musician, songwriter, and filmmaker known for his cinematic and emotionally powerful music that blends orchestral, electronic, hip‑hop, and alternative elements. His compositions have been widely used in film trailers and visual media, most notably the track “Mind Heist,” featured in the trailer for *Inception* (2010). Hemsey began his musical career in the hip‑hop collective Nine Leaves before launching a solo career with the release of his first album, *Empty Room*, in 2010. Since then, he has independently released several albums and his work has appeared in trailers and films such as *The Equalizer* and *Game of Thrones* promotional material.", "recent_release": "https://open.spotify.com/album/0na9ZLSbxDYoQydrrfD9EO", "pic": "https://i.scdn.co/image/ab6761610000e5eb8643084d5b604eb4f5914f68", "total_album": 9, "single_tracks": 0}}, {"model": "data.composer", "pk": 65, "fields": {"created_at": "2025-12-19T12:47:22.068Z", "updated_at": "2025-12-19T12:47:22.068Z", "deleted_at": null, "name": "John Paesano", "genre": "soundtrack", "join_date": "1997-01-01", "about": "John Paesano is an American composer, conductor, arranger, and music producer known for his work in film, television, and video games. He has composed scores for major franchises and projects, including the Maze Runner film series, Marvel’s Daredevil and The Defenders, the Detroit: Become Human video game, and multiple Marvel’s Spider‑Man video games. Paesano’s music blends orchestral and electronic elements to enhance narrative and emotional depth, and his work has earned him awards such as the BAFTA Games Award for music. He began his professional career contributing additional music in 1997 before scoring his own film and game projects.", "recent_release": "https://open.spotify.com/album/5saEnttaAShXEbcmsv4ONg", "pic": "https://i.scdn.co/image/ab6761610000e5eb64ba71814d2e484a3a03664c", "total_album": 30, "single_tracks": 0}}, {"model": "data.composer", "pk": 66, "fields": {"created_at": "2025-12-19T12:48:17.651Z", "updated_at": "2025-12-19T12:48:17.651Z", "deleted_at": null, "name": "Cheetah Mobile", "genre": "", "join_date": "2018-11-24", "about": "Cheetah Mobile is a Chinese mobile internet company that also releases music tracks and original soundtracks for its mobile games, such as the *Rolling Sky* game series. In music credits, \"Cheetah Mobile\" appears as the composer/artist name for many electronic and soundtrack songs associated with its game releases, with original soundtrack albums released under the Cheetah Mobile name. These compositions are typically credited to the company rather than a single individual composer, and are part of the musical branding for its games and apps.", "recent_release": "https://open.spotify.com/album/7tjTQTsABZ6P8fElMYXsIm", "pic": "https://i.scdn.co/image/ab6761610000e5eb6b3c1830d572757fd3e634ec", "total_album": 9, "single_tracks": 0}}, {"model": "data.composer", "pk": 67, "fields": {"created_at": "2025-12-19T12:49:04.901Z", "updated_at": "2025-12-19T12:49:04.901Z", "deleted_at": null, "name": "Ajurika", "genre": "japanese vgm", "join_date": "1997-01-01", "about": "Ajurika is the professional alias of Japanese composer Akitaka Tohyama, a music producer, composer, arranger, and DJ best known for his work on popular video game soundtracks. He composed music for major titles at Bandai Namco such as TEKKEN, Ridge Racer, Katamari Damacy, Urban Reign, and titles in THE iDOLM@STER series, contributing to game music and original tracks. After working at Bandai Namco from 1997 to 2013, he became a freelance composer and continues to release music and produce compositions under the name Ajurika.", "recent_release": "https://open.spotify.com/album/0yRZSFefFmEPpD3dvdebaA", "pic": "https://i.scdn.co/image/ab67616d0000b273f7d4253395d7c12ba23555a1", "total_album": 1, "single_tracks": 0}}, {"model": "data.composer", "pk": 68, "fields": {"created_at": "2025-12-19T12:50:04.518Z", "updated_at": "2025-12-19T12:50:04.518Z", "deleted_at": null, "name": "Thomas Newman", "genre": "soundtrack", "join_date": "1984-02-03", "about": "Thomas Newman is an American composer and conductor renowned for his film scores, blending orchestral and electronic elements with distinctive textures. He comes from a renowned family of film composers and has created music for numerous acclaimed films and television series. His professional career as a film composer began with his first full feature score for the romantic drama \"Reckless\" (1984), marking his entry into film scoring.", "recent_release": "https://open.spotify.com/album/1DTQ9zR4MiyZwSpTQHxpt5", "pic": "https://i.scdn.co/image/ab6761610000e5eb57d373e62254d0aba7d663d9", "total_album": 49, "single_tracks": 0}}, {"model": "data.composer", "pk": 69, "fields": {"created_at": "2025-12-19T12:50:43.132Z", "updated_at": "2025-12-19T12:50:43.132Z", "deleted_at": null, "name": "The Newton Brothers", "genre": "soundtrack", "join_date": "2011-04-25", "about": "The Newton Brothers are an American film and television composing duo consisting of Andy Grush and Taylor Newton Stewart, known for their atmospheric and eclectic scores in genre films and series. They have composed music for over a decade on projects including *Detachment*, *Oculus*, *The Haunting of Hill House*, *Midnight Mass*, *X‑Men ’97*, and *Daredevil: Born Again*, blending orchestral and electronic elements to enhance narrative and emotion. Their professional partnership as “The Newton Brothers” began in the early 2010s, and they have since become frequent collaborators with directors such as Mike Flanagan. :contentReference[oaicite:0]{index=0}", "recent_release": "https://open.spotify.com/album/2gaIouHXUamD1ynx4h8L5M", "pic": "https://i.scdn.co/image/ab6761610000e5eb4a08e0e1442b09a5831c2c62", "total_album": 28, "single_tracks": 0}}, {"model": "data.composer", "pk": 70, "fields": {"created_at": "2025-12-19T12:51:47.285Z", "updated_at": "2025-12-19T12:51:47.285Z", "deleted_at": null, "name": "Justin Hurwitz", "genre": "", "join_date": "2009-07-22", "about": "Justin Hurwitz is an American film composer known for his acclaimed collaborations with director Damien Chazelle, scoring films such as *Guy and Madeline on a Park Bench* (2009), *Whiplash* (2014), *La La Land* (2016), *First Man* (2018), and *Babylon* (2022). His work has earned multiple Academy Awards, Golden Globes, Grammys, and BAFTA awards, blending orchestral and modern elements to create emotive and memorable film scores. Hurwitz began his professional composing career with his first full feature film score on *Guy and Madeline on a Park Bench*.", "recent_release": "https://open.spotify.com/album/0jCuKxy96iDfx9JtXKRyXe", "pic": "https://i.scdn.co/image/ab6761610000e5eb152668866cc33ae3fe2f4ede", "total_album": 7, "single_tracks": 0}}, {"model": "data.composer", "pk": 71, "fields": {"created_at": "2025-12-19T12:52:34.945Z", "updated_at": "2025-12-19T12:52:34.945Z", "deleted_at": null, "name": "Nick Arundel", "genre": "soundtrack", "join_date": "2003-11-18", "about": "Nick Arundel is an English video game composer and audio director known for his atmospheric and emotive scores on major video game titles, including *I‑Ninja* and the *Batman: Arkham* series. He blends orchestral and electronic elements to enhance the narrative depth and mood in interactive media, working on projects for studios such as Rocksteady and Warner Bros. Arundel has also served as audio director on later installments in the Batman franchise and continues to compose music for games.", "recent_release": "https://open.spotify.com/album/62OSfoPRieRDqE8Lplt7z2", "pic": "https://i.scdn.co/image/ab67616d0000b273947f89646e236798bae3aa1b", "total_album": 6, "single_tracks": 0}}, {"model": "data.composer", "pk": 72, "fields": {"created_at": "2025-12-19T12:53:12.838Z", "updated_at": "2025-12-19T12:53:12.838Z", "deleted_at": null, "name": "Joe Kraemer", "genre": "soundtrack", "join_date": "2000-09-08", "about": "Joe Kraemer is an American film and television composer known for his dynamic and narrative‑driven scores. He has worked on numerous films, including Christopher McQuarrie’s *The Way of the Gun* (2000), *Jack Reacher* (2012), and *Mission: Impossible – Rogue Nation* (2015), blending orchestral and thematic elements to enhance storytelling. Kraemer’s professional career in feature film composing began with his first full score for *The Way of the Gun*, marking his entry into the industry after earlier work on short films and roles as a music editor and sound designer.", "recent_release": "https://open.spotify.com/album/3B3xrTtUf1oPsbT6A5yEyt", "pic": "https://i.scdn.co/image/ab67616d0000b273e8ce8f1ce0bc810f6803d216", "total_album": 16, "single_tracks": 0}}, {"model": "data.composer", "pk": 73, "fields": {"created_at": "2025-12-19T12:54:45.772Z", "updated_at": "2025-12-19T12:54:45.772Z", "deleted_at": null, "name": "Harold Faltermeyer", "genre": "synthpop", "join_date": "1978-08-26", "about": "Harold Faltermeyer is a German musician, composer, keyboardist, and record producer best known for his influential synth‑driven film scores in the 1980s and beyond. He gained international recognition for composing iconic themes such as “Axel F” from *Beverly Hills Cop* and the “Top Gun Anthem” for *Top Gun*, helping define the sound of electronic film music during that era. Before his success as a composer, he worked as an arranger, session musician, and producer, collaborating with artists like Donna Summer and Pet Shop Boys. Over his long career he has blended electronic and orchestral elements and has continued composing for film, television, and other media.", "recent_release": "https://open.spotify.com/album/17kqwBwdXkCUROZaE7r6rZ", "pic": "https://i.scdn.co/image/595485b5a0d83252a95f5fcb21a7101f73b08386", "total_album": 7, "single_tracks": 0}}, {"model": "data.composer", "pk": 74, "fields": {"created_at": "2025-12-19T12:55:44.458Z", "updated_at": "2025-12-19T12:55:44.458Z", "deleted_at": null, "name": "Brian Tuey", "genre": "", "join_date": "2003-10-28", "about": "Brian Tuey is an American sound designer, composer, and audio director best known for his work on the *Call of Duty* video game series, especially the Zombies mode. He has composed original tracks and served in audio director roles on multiple titles, collaborating with other composers such as Kevin Sherwood and James McCawley. Tuey’s music contributions include writing and arranging music for many *Call of Duty* Zombies maps and soundtracks, blending interactive and cinematic audio elements in game scoring.", "recent_release": "https://open.spotify.com/album/5PzL4pTr1ynlzMSywRj2Bi", "pic": "https://i.scdn.co/image/ab6761610000e5eb36cbcc24760d16dfac4931f1", "total_album": 14, "single_tracks": 0}}, {"model": "data.composer", "pk": 75, "fields": {"created_at": "2025-12-19T12:56:42.746Z", "updated_at": "2025-12-19T12:56:42.746Z", "deleted_at": null, "name": "Geek Music", "genre": "anime", "join_date": "2016-01-01", "about": "Geek Music is a UK‑based independent music production house and label specializing in cover versions, re‑recordings, and original arrangements of movie, television, video game, and anime themes. They release music across digital platforms and offer services including composing, orchestrating, and sync licensing. Geek Music has amassed a large catalogue of soundtrack‑style covers and has grown a substantial streaming audience worldwide. Their work blends orchestral and electronic influences adapted from iconic themes.", "recent_release": "https://open.spotify.com/album/2VREGrJrQHdZc40SvCbKaH", "pic": "https://i.scdn.co/image/ab6761610000e5eb7c3e821249e3b4455323cc6d", "total_album": 13, "single_tracks": 0}}, {"model": "data.composer", "pk": 76, "fields": {"created_at": "2025-12-19T12:58:00.545Z", "updated_at": "2025-12-19T12:58:00.545Z", "deleted_at": null, "name": "Elliot Goldenthal", "genre": "", "join_date": "1989-10-06", "about": "Elliot Goldenthal is an American composer known for his work in film, theater, opera, and contemporary classical music, blending orchestral, avant‑garde, and experimental styles. He has composed more than 30 film scores, including *Drugstore Cowboy*, *Alien³*, *Interview with the Vampire*, *Michael Collins*, *Batman Forever*, *Heat*, and *Frida*, the latter earning him an Academy Award for Best Original Score. Goldenthal studied composition with Aaron Copland and John Corigliano and has also written music for ballet and opera alongside his film work.", "recent_release": "https://open.spotify.com/album/2ZrC6g1pA9gjRiSbCKvtzG", "pic": "https://i.scdn.co/image/ab6761610000e5eb93472b89dc98700703eaae07", "total_album": 15, "single_tracks": 0}}, {"model": "admin.logentry", "pk": 1, "fields": {"action_time": "2025-12-16T19:50:19.054Z", "user": ["spotifyadmin"], "content_type": ["data", "song"], "object_id": "2", "object_repr": "Song object (2)", "action_flag": 2, "change_message": "[{\"changed\": {\"fields\": [\"Singer\", \"Composer\"]}}]"}}, {"model": "admin.logentry", "pk": 2, "fields": {"action_time": "2025-12-16T19:50:24.724Z", "user": ["spotifyadmin"], "content_type": ["data", "song"], "object_id": "3", "object_repr": "Song object (3)", "action_flag": 2, "change_message": "[{\"changed\": {\"fields\": [\"Singer\", \"Composer\"]}}]"}}, {"model": "admin.logentry", "pk": 3, "fields": {"action_time": "2025-12-16T19:59:07.317Z", "user": ["spotifyadmin"], "content_type": ["data", "song"], "object_id": "4", "object_repr": "Song object (4)", "action_flag": 3, "change_message": ""}}, {"model": "admin.logentry", "pk": 4, "fields": {"action_time": "2025-12-16T20:40:34.526Z", "user": ["spotifyadmin"], "content_type": ["data", "song"], "object_id": "7", "object_repr": "Song object (7)", "action_flag": 2, "change_message": "[{\"changed\": {\"fields\": [\"Singer\"]}}]"}}, {"model": "admin.logentry", "pk": 5, "fields": {"action_time": "2025-12-17T10:16:40.108Z", "user": ["spotifyadmin"], "content_type": ["data", "song"], "object_id": "13", "object_repr": "Song object (13)", "action_flag": 3, "change_message": ""}}, {"model": "admin.logentry", "pk": 6, "fields": {"action_time": "2025-12-17T10:18:18.319Z", "user": ["spotifyadmin"], "content_type": ["data", "song"], "object_id": "14", "object_repr": "Song object (14)", "action_flag": 3, "change_message": ""}}, {"model": "admin.logentry", "pk": 7, "fields": {"action_time": "2025-12-17T10:21:10.540Z", "user": ["spotifyadmin"], "content_type": ["data", "song"], "object_id": "15", "object_repr": "Song object (15)", "action_flag": 3, "change_message": ""}}, {"model": "admin.logentry", "pk": 8, "fields": {"action_time": "2025-12-17T10:26:18.770Z", "user": ["spotifyadmin"], "content_type": ["data", "song"], "object_id": "16", "object_repr": "Song object (16)", "action_flag": 3, "change_message": ""}}, {"model": "admin.logentry", "pk": 9, "fields": {"action_time": "2025-12-17T11:46:55.579Z", "user": ["spotifyadmin"], "content_type": ["data", "song"], "object_id": "22", "object_repr": "Song object (22)", "action_flag": 3, "change_message": ""}}, {"model": "admin.logentry", "pk": 10, "fields": {"action_time": "2025-12-17T11:46:55.579Z", "user": ["spotifyadmin"], "content_type": ["data", "song"], "object_id": "21", "object_repr": "Song object (21)", "action_flag": 3, "change_message": ""}}, {"model": "admin.logentry", "pk": 11, "fields": {"action_time": "2025-12-17T11:46:55.579Z", "user": ["spotifyadmin"], "content_type": ["data", "song"], "object_id": "20", "object_repr": "Song object (20)", "action_flag": 3, "change_message": ""}}, {"model": "admin.logentry", "pk": 12, "fields": {"action_time": "2025-12-17T11:46:55.579Z", "user": ["spotifyadmin"], "content_type": ["data", "song"], "object_id": "19", "object_repr": "Song object (19)", "action_flag": 3, "change_message": ""}}, {"model": "admin.logentry", "pk": 13, "fields": {"action_time": "2025-12-17T11:46:55.579Z", "user": ["spotifyadmin"], "content_type": ["data", "song"], "object_id": "18", "object_repr": "Song object (18)", "action_flag": 3, "change_message": ""}}, {"model": "admin.logentry", "pk": 14, "fields": {"action_time": "2025-12-17T11:46:55.580Z", "user": ["spotifyadmin"], "content_type": ["data", "song"], "object_id": "17", "object_repr": "Song object (17)", "action_flag": 3, "change_message": ""}}, {"model": "admin.logentry", "pk": 15, "fields": {"action_time": "2025-12-17T11:48:44.092Z", "user": ["spotifyadmin"], "content_type": ["data", "song"], "object_id": "12", "object_repr": "Song Name Embrace The Madness", "action_flag": 3, "change_message": ""}}, {"model": "admin.logentry", "pk": 16, "fields": {"action_time": "2025-12-17T11:49:03.019Z", "user": ["spotifyadmin"], "content_type": ["data", "song"], "object_id": "23", "object_repr": "Song Name Afghanistan 2025", "action_flag": 3, "change_message": ""}}, {"model": "admin.logentry", "pk": 17, "fields": {"action_time": "2025-12-17T11:49:03.019Z", "user": ["spotifyadmin"], "content_type": ["data", "song"], "object_id": "11", "object_repr": "Song Name Battlefield 4 Warsaw Theme", "action_flag": 3, "change_message": ""}}, {"model": "admin.logentry", "pk": 18, "fields": {"action_time": "2025-12-17T11:49:03.019Z", "user": ["spotifyadmin"], "content_type": ["data", "song"], "object_id": "10", "object_repr": "Song Name Battlefield Main Theme", "action_flag": 3, "change_message": ""}}, {"model": "admin.logentry", "pk": 19, "fields": {"action_time": "2025-12-17T11:58:29.697Z", "user": ["spotifyadmin"], "content_type": ["data", "songdetails"], "object_id": "6", "object_repr": "Details for Afghanistan 2025 + Album Call of Duty Black Ops II (Original Game Soundtrack)", "action_flag": 2, "change_message": "[{\"changed\": {\"fields\": [\"Release date\"]}}]"}}, {"model": "admin.logentry", "pk": 20, "fields": {"action_time": "2025-12-18T13:33:28.260Z", "user": ["spotifyadmin"], "content_type": ["data", "song"], "object_id": "3", "object_repr": "Song Name Mission Accomplished", "action_flag": 3, "change_message": ""}}, {"model": "admin.logentry", "pk": 21, "fields": {"action_time": "2025-12-18T13:33:28.260Z", "user": ["spotifyadmin"], "content_type": ["data", "song"], "object_id": "2", "object_repr": "Song Name Black Ops 7", "action_flag": 3, "change_message": ""}}, {"model": "admin.logentry", "pk": 22, "fields": {"action_time": "2025-12-18T20:24:39.998Z", "user": ["spotifyadmin"], "content_type": ["data", "composer"], "object_id": "1", "object_repr": "Hans Zimmer (1982-01-01)", "action_flag": 2, "change_message": "[{\"changed\": {\"fields\": [\"Join date\", \"About\", \"Single tracks\"]}}]"}}, {"model": "admin.logentry", "pk": 23, "fields": {"action_time": "2025-12-18T20:51:40.392Z", "user": ["spotifyadmin"], "content_type": ["data", "composer"], "object_id": "2", "object_repr": "Jack Wall (None)", "action_flag": 2, "change_message": "[{\"changed\": {\"fields\": [\"About\"]}}]"}}, {"model": "admin.logentry", "pk": 24, "fields": {"action_time": "2025-12-18T20:53:30.702Z", "user": ["spotifyadmin"], "content_type": ["data", "composer"], "object_id": "2", "object_repr": "Jack Wall (1995-01-01)", "action_flag": 2, "change_message": "[{\"changed\": {\"fields\": [\"Join date\", \"Single tracks\"]}}]"}}, {"model": "admin.logentry", "pk": 25, "fields": {"action_time": "2025-12-18T20:54:07.693Z", "user": ["spotifyadmin"], "content_type": ["data", "composer"], "object_id": "2", "object_repr": "Jack Wall (1995-01-01)", "action_flag": 2, "change_message": "[{\"changed\": {\"fields\": [\"Total album\"]}}]"}}, {"model": "admin.logentry", "pk": 26, "fields": {"action_time": "2025-12-19T11:20:32.557Z", "user": ["spotifyadmin"], "content_type": ["data", "composer"], "object_id": "4", "object_repr": "Alan Silvestri (1972-01-01)", "action_flag": 3, "change_message": ""}}, {"model": "admin.logentry", "pk": 27, "fields": {"action_time": "2025-12-19T11:21:58.180Z", "user": ["spotifyadmin"], "content_type": ["data", "composer"], "object_id": "3", "object_repr": "Brian Tyler (1997-01-01)", "action_flag": 3, "change_message": ""}}, {"model": "admin.logentry", "pk": 28, "fields": {"action_time": "2025-12-19T11:24:24.815Z", "user": ["spotifyadmin"], "content_type": ["data", "composer"], "object_id": "1", "object_repr": "Hans Zimmer (1982-01-01)", "action_flag": 3, "change_message": ""}}, {"model": "admin.logentry", "pk": 29, "fields": {"action_time": "2025-12-19T11:25:17.579Z", "user": ["spotifyadmin"], "content_type": ["data", "composer"], "object_id": "2", "object_repr": "Jack Wall (1995-01-01)", "action_flag": 3, "change_message": ""}}, {"model": "admin.logentry", "pk": 30, "fields": {"action_time": "2025-12-19T11:27:51.184Z", "user": ["spotifyadmin"], "content_type": ["data", "composer"], "object_id": "9", "object_repr": "Lalo Schifrin (1956-01-01)", "action_flag": 2, "change_message": "[{\"changed\": {\"fields\": [\"Single tracks\"]}}]"}}, {"model": "admin.logentry", "pk": 31, "fields": {"action_time": "2025-12-19T11:28:41.777Z", "user": ["spotifyadmin"], "content_type": ["data", "composer"], "object_id": "9", "object_repr": "Lalo Schifrin (1956-01-01)", "action_flag": 2, "change_message": "[{\"changed\": {\"fields\": [\"Genre\"]}}]"}}]